"Time (s)","Latitude (°)","Longitude (°)","Height (m)","Velocity (m/s)","Direction (°)","Horizontal Accuracy (m)","Vertical Accuracy (m)"
3.001920859E0,6.506149458E1,2.547035498E1,2.378819612E1,0.000000000E0,NaN,8.434983253E0,1.448373699E1
3.986280845E0,6.506149170E1,2.547034747E1,2.233421309E1,0.000000000E0,NaN,1.215568829E1,2.208172035E1
5.022285647E0,6.506149536E1,2.547032910E1,2.342367241E1,0.000000000E0,NaN,8.483933449E0,1.420885468E1
6.071137250E0,6.506150765E1,2.547033301E1,2.335926215E1,0.000000000E0,NaN,1.492381573E1,3.005315399E1
7.086766116E0,6.506151045E1,2.547033125E1,2.241482263E1,0.000000000E0,NaN,7.424946308E0,1.081569767E1
8.066021325E0,6.506151216E1,2.547028783E1,2.540526102E1,1.498044848E0,8.627140999E0,4.112095833E0,7.945154667E0
9.080048547E0,6.506153340E1,2.547029485E1,2.695685281E1,1.393032670E0,9.913709641E0,3.025423050E0,6.088238716E0
9.934306116E0,6.506153429E1,2.547030123E1,2.673921273E1,1.338705659E0,3.852531314E-1,2.512984276E0,5.052143097E0
1.093106527E1,6.506154126E1,2.547030777E1,2.578225599E1,1.336811662E0,6.971796989E0,2.302639008E0,4.350860596E0
1.194505758E1,6.506154816E1,2.547031170E1,2.538332187E1,1.275095582E0,4.372488499E0,2.177448988E0,3.786894798E0
1.286538259E1,6.506154663E1,2.547031738E1,2.321107542E1,1.147444010E0,3.574353943E2,2.072008133E0,3.395551682E0
1.386541859E1,6.506155313E1,2.547032066E1,2.191385102E1,1.227926612E0,3.574825134E2,2.023373604E0,3.106718779E0
1.486544459E1,6.506156167E1,2.547032565E1,2.100554509E1,1.422260284E0,5.523530006E0,1.953020573E0,3.000000000E0
1.586546659E1,6.506157539E1,2.547033312E1,2.046517472E1,1.429225087E0,9.072857857E0,1.902492046E0,3.000000000E0
1.686562759E1,6.506158894E1,2.547034252E1,2.046160739E1,1.256231189E0,1.112782669E1,1.898227930E0,3.000000000E0
1.786550159E1,6.506160101E1,2.547034898E1,2.048239328E1,1.166889310E0,4.528903008E0,1.884840965E0,3.000000000E0
1.886557159E1,6.506161269E1,2.547035059E1,2.043047170E1,1.370456457E0,3.566415100E2,1.886243582E0,3.000000000E0
1.986582559E1,6.506162568E1,2.547034765E1,2.052643873E1,1.426255345E0,3.553567200E2,1.887864947E0,3.000000000E0
2.086568059E1,6.506163839E1,2.547034513E1,2.053766484E1,1.394883752E0,7.678292394E-1,1.908662558E0,3.000000000E0
2.186579259E1,6.506165107E1,2.547034524E1,2.048191747E1,1.377772331E0,4.212402821E0,2.001408339E0,3.000000000E0
2.286562559E1,6.506166479E1,2.547034572E1,2.054176767E1,1.386894703E0,3.596632385E2,1.719362974E0,3.000000000E0
2.386560259E1,6.506168095E1,2.547034120E1,2.079513658E1,1.416618705E0,3.586270752E2,1.456194639E0,3.000000000E0
2.486561659E1,6.506169558E1,2.547033978E1,2.071342382E1,1.441821814E0,3.536477051E2,1.414019346E0,3.000000000E0
2.586590059E1,6.506170797E1,2.547033691E1,2.046928567E1,1.417042732E0,3.545843811E2,1.384878278E0,3.000000000E0
2.686581459E1,6.506171929E1,2.547033159E1,2.007825431E1,1.372873783E0,3.532764893E2,1.269714355E0,3.000000000E0
2.786599159E1,6.506173279E1,2.547032411E1,2.001325875E1,1.422147751E0,3.472233887E2,1.191416025E0,3.000000000E0
2.886604459E1,6.506174369E1,2.547031808E1,1.974050987E1,1.376417875E0,3.493557129E2,1.127189755E0,3.000000000E0
2.986576159E1,6.506175643E1,2.547031049E1,1.964599366E1,1.394100428E0,3.494095154E2,1.073493958E0,3.000000000E0
3.086576259E1,6.506176888E1,2.547030277E1,1.959714432E1,1.404634714E0,3.456414490E2,1.032136559E0,3.000000000E0
3.186577359E1,6.506178065E1,2.547029142E1,1.943777212E1,1.411052704E0,3.401781311E2,9.943861961E-1,3.000000000E0
3.286580959E1,6.506179166E1,2.547028015E1,1.932981145E1,1.403177500E0,3.276918945E2,1.792381167E0,3.000000000E0
3.386580859E1,6.506180216E1,2.547025935E1,1.930721285E1,1.420540333E0,3.247591248E2,1.545318961E0,3.000000000E0
3.486609759E1,6.506180969E1,2.547023513E1,1.929564099E1,1.415763617E0,3.126900940E2,1.363053441E0,3.000000000E0
3.586618159E1,6.506181602E1,2.547021080E1,1.931575257E1,1.401339531E0,3.004403076E2,1.248448849E0,3.000000000E0
3.686584159E1,6.506182094E1,2.547018371E1,1.935966214E1,1.386526108E0,3.040527954E2,1.852532744E0,3.000000000E0
3.786592059E1,6.506182573E1,2.547015825E1,1.942167763E1,1.366739273E0,3.002157593E2,1.978869200E0,3.000000000E0
3.886592459E1,6.506182931E1,2.547012783E1,1.935667261E1,1.368922472E0,2.878920288E2,2.133252859E0,3.000000000E0
3.986605859E1,6.506183165E1,2.547010429E1,1.911067215E1,1.343200684E0,3.066338501E2,1.772783160E0,3.000000000E0
4.086623259E1,6.506184057E1,2.547008661E1,1.914740842E1,1.336429119E0,3.136964111E2,1.551110506E0,3.000000000E0
4.186594459E1,6.506184815E1,2.547007220E1,1.917623962E1,1.315279722E0,3.176883850E2,1.984718561E0,3.000000000E0
4.286626659E1,6.506185939E1,2.547005265E1,1.917226933E1,1.333033681E0,3.152544861E2,2.175064325E0,3.000000000E0
4.386600159E1,6.506187035E1,2.547002636E1,1.917799160E1,1.363633871E0,3.298960876E2,2.173697233E0,3.000000000E0
4.486614659E1,6.506188222E1,2.547001393E1,1.896551301E1,1.371462703E0,3.414424133E2,2.145616531E0,3.000000000E0
4.586605359E1,6.506189615E1,2.546999586E1,1.874194280E1,1.401391029E0,3.273364563E2,2.180057287E0,3.000000000E0
4.686611659E1,6.506190603E1,2.546998229E1,1.870652458E1,1.391195178E0,3.320899353E2,2.080702782E0,3.000000000E0
4.786629459E1,6.506191838E1,2.546996495E1,1.871456877E1,1.407145739E0,3.426662598E2,2.054638624E0,3.000000000E0
4.886614159E1,6.506192973E1,2.546996056E1,1.853450595E1,1.395632505E0,3.513751221E2,2.054730415E0,3.000000000E0
4.986650259E1,6.506194236E1,2.546996286E1,1.829331262E1,1.396257162E0,3.550961609E2,2.052727938E0,3.000000000E0
5.086642359E1,6.506195683E1,2.546995841E1,1.827402283E1,1.411942244E0,3.551571960E2,2.040421009E0,3.000000000E0
5.186616559E1,6.506196950E1,2.546995331E1,1.834324521E1,1.410460949E0,3.434965820E2,2.061398983E0,3.000000000E0
5.286618359E1,6.506197763E1,2.546993830E1,1.847219266E1,1.388028860E0,3.234794006E2,2.026431322E0,3.000000000E0
5.386644959E1,6.506198576E1,2.546990725E1,1.835671683E1,1.411067724E0,3.070260315E2,2.017485142E0,3.000000000E0
5.486623259E1,6.506199120E1,2.546987847E1,1.847549730E1,1.415678740E0,3.066158142E2,2.014606237E0,3.000000000E0
5.586660359E1,6.506199864E1,2.546984766E1,1.859649556E1,1.434242845E0,3.139784241E2,1.979980946E0,3.000000000E0
5.686625159E1,6.506200707E1,2.546982117E1,1.831455062E1,1.443198919E0,3.287407227E2,1.987107038E0,3.000000000E0
5.786625859E1,6.506202141E1,2.546981361E1,1.806432705E1,1.455654263E0,3.481226807E2,1.963342428E0,3.000000000E0
5.886683759E1,6.506203667E1,2.546981104E1,1.799426513E1,1.472607851E0,3.573002014E2,2.010344028E0,3.000000000E0
5.986639159E1,6.506205179E1,2.546981546E1,1.817656294E1,1.487230301E0,4.807350636E0,2.008512735E0,3.000000000E0
6.086631459E1,6.506206556E1,2.546981917E1,1.811996828E1,1.489124060E0,6.978844643E0,1.983803034E0,3.000000000E0
6.186635159E1,6.506208036E1,2.546982524E1,1.812539972E1,1.501327872E0,5.750784397E0,1.953345776E0,3.000000000E0
6.286640159E1,6.506209197E1,2.546982565E1,1.808060802E1,1.484801173E0,5.128435612E0,1.934878826E0,3.000000000E0
6.386638559E1,6.506210608E1,2.546982646E1,1.803133843E1,1.491419315E0,2.057547331E0,1.916700482E0,3.000000000E0
6.486642359E1,6.506211888E1,2.546982310E1,1.790126930E1,1.486280084E0,3.580937500E2,1.933468342E0,3.000000000E0
6.586671259E1,6.506213118E1,2.546982293E1,1.766204193E1,1.476629019E0,2.697887182E0,1.952835917E0,3.000000000E0
6.686647859E1,6.506214486E1,2.546982558E1,1.755652844E1,1.479230404E0,5.058076382E0,1.952029109E0,3.000000000E0
6.786650559E1,6.506215769E1,2.546982948E1,1.753646342E1,1.474057078E0,6.779096127E0,1.953987360E0,3.000000000E0
6.886655759E1,6.506217029E1,2.546983406E1,1.742571790E1,1.467135549E0,9.933054924E0,1.961737633E0,3.000000000E0
6.986647359E1,6.506218184E1,2.546983553E1,1.733767238E1,1.451067448E0,1.109656429E1,1.954362273E0,3.000000000E0
7.086655059E1,6.506219387E1,2.546983276E1,1.721142186E1,1.441332817E0,1.035178757E1,1.977250576E0,3.000000000E0
7.186654159E1,6.506220587E1,2.546983004E1,1.716555305E1,1.434119701E0,6.758331776E0,1.983730078E0,3.000000000E0
7.286655759E1,6.506222024E1,2.546983012E1,1.719188683E1,1.448249698E0,6.778820038E0,1.969486237E0,3.000000000E0
7.386658959E1,6.506223561E1,2.546983117E1,1.731781750E1,1.468352795E0,5.772759438E0,1.950535655E0,3.000000000E0
7.486685759E1,6.506224949E1,2.546983017E1,1.723101020E1,1.472938776E0,6.377552032E0,1.951585531E0,3.000000000E0
7.586681159E1,6.506226281E1,2.546982985E1,1.708241793E1,1.471960306E0,7.197803497E0,1.957796574E0,3.000000000E0
7.686669159E1,6.506227600E1,2.546982984E1,1.709197440E1,1.470303774E0,5.424026966E0,1.965299845E0,3.000000000E0
7.786666259E1,6.506228997E1,2.546982666E1,1.718091113E1,1.475528359E0,5.639825344E0,1.962920427E0,3.000000000E0
7.886665659E1,6.506230445E1,2.546982983E1,1.736907937E1,1.485101461E0,6.443167925E-1,1.979480624E0,3.000000000E0
7.986667759E1,6.506231804E1,2.546982529E1,1.727198372E1,1.487808704E0,6.861539483E-1,1.960272074E0,3.000000000E0
8.086684659E1,6.506233324E1,2.546982566E1,1.709604181E1,1.502875566E0,1.385980010E0,1.945956707E0,3.000000000E0
8.186691859E1,6.506234767E1,2.546982579E1,1.709409493E1,1.509644270E0,2.418261766E0,1.954141855E0,3.000000000E0
8.286672359E1,6.506236007E1,2.546982916E1,1.707597919E1,1.498704314E0,4.104239464E0,1.957268953E0,3.000000000E0
8.386677659E1,6.506237436E1,2.546983095E1,1.704089204E1,1.503601789E0,8.393425941E0,1.968911290E0,3.000000000E0
8.486683359E1,6.506238729E1,2.546983173E1,1.697077830E1,1.495612144E0,8.731950760E0,1.949076176E0,3.000000000E0
8.586685059E1,6.506239854E1,2.546983207E1,1.690143393E1,1.474914908E0,9.255233765E0,1.967561483E0,3.000000000E0
8.686686559E1,6.506241176E1,2.546983214E1,1.697257668E1,1.474681854E0,1.005988598E1,1.958608747E0,3.000000000E0
8.786731359E1,6.506242623E1,2.546983260E1,1.721228640E1,1.485790610E0,9.244353294E0,1.957943201E0,3.000000000E0
8.886688759E1,6.506244181E1,2.546983056E1,1.731307383E1,1.505943656E0,7.675065517E0,1.957583070E0,3.000000000E0
8.986688459E1,6.506245527E1,2.546983119E1,1.749109313E1,1.506107569E0,6.100431442E0,1.960764647E0,3.000000000E0
9.086693859E1,6.506246828E1,2.546982906E1,1.760400077E1,1.501671553E0,8.799601555E0,1.967240572E0,3.000000000E0
9.186696359E1,6.506247959E1,2.546983114E1,1.757098771E1,1.481830597E0,2.389977932E0,1.956732750E0,3.000000000E0
9.286694959E1,6.506249393E1,2.546982979E1,1.740654047E1,1.488160253E0,1.633956432E0,1.913200736E0,3.000000000E0
9.386695859E1,6.506250472E1,2.546983221E1,1.741453534E1,1.463423252E0,3.591118164E2,1.922775984E0,3.000000000E0
9.486698659E1,6.506251713E1,2.546982919E1,1.754730127E1,1.456433058E0,3.574246216E2,1.923156381E0,3.000000000E0
9.586704759E1,6.506253224E1,2.546982808E1,1.727313361E1,1.473438025E0,3.591598511E2,1.905153751E0,3.000000000E0
9.686723359E1,6.506254807E1,2.546982582E1,1.716245202E1,1.494998932E0,1.786019921E0,1.915969133E0,3.000000000E0
9.786703259E1,6.506256388E1,2.546982697E1,1.720638021E1,1.513467789E0,3.407930136E0,1.923141718E0,3.000000000E0
9.886737059E1,6.506257738E1,2.546982703E1,1.752564104E1,1.509480119E0,3.031584501E0,1.917606711E0,3.000000000E0
9.986759059E1,6.506258910E1,2.546982784E1,1.777007528E1,1.490991354E0,5.603236198E0,1.928104520E0,3.000000000E0
1.008673686E2,6.506260166E1,2.546983002E1,1.796308331E1,1.482058287E0,7.273159504E0,1.936858654E0,3.000000000E0
1.018671276E2,6.506261993E1,2.546982720E1,1.820849591E1,1.521982908E0,5.713136673E0,1.954396486E0,3.000000000E0
1.028671466E2,6.506263529E1,2.546981924E1,1.810263325E1,1.535643816E0,5.140962601E0,1.927264690E0,3.000000000E0
1.038673296E2,6.506264656E1,2.546981137E1,1.815041133E1,1.513510942E0,6.988745213E0,1.920786619E0,3.000000000E0
1.048673856E2,6.506265688E1,2.546980553E1,1.842133181E1,1.482986450E0,6.155591488E0,1.924513936E0,3.000000000E0
1.058672016E2,6.506266917E1,2.546980605E1,1.876477149E1,1.467882156E0,7.891175270E0,1.927206755E0,3.000000000E0
1.068673696E2,6.506268189E1,2.546981203E1,1.898784825E1,1.459018230E0,1.573027039E1,1.918630123E0,3.000000000E0
1.078672076E2,6.506269337E1,2.546983918E1,1.902373395E1,1.479018807E0,5.226991272E1,1.935921192E0,3.000000000E0
1.088672406E2,6.506269831E1,2.546989158E1,1.917939952E1,1.552487850E0,7.209815979E1,1.962779999E0,3.000000000E0
1.098672996E2,6.506269561E1,2.546993089E1,1.923951270E1,1.572513103E0,8.057383728E1,1.938987970E0,3.000000000E0
1.108673016E2,6.506269684E1,2.546996964E1,1.952276196E1,1.587843657E0,8.991613770E1,1.941707253E0,3.000000000E0
1.118675136E2,6.506269384E1,2.547000529E1,1.990132161E1,1.592447042E0,9.551226807E1,1.948234558E0,3.000000000E0
1.128673346E2,6.506268978E1,2.547003854E1,2.002308693E1,1.589998126E0,9.858676910E1,1.951613426E0,3.000000000E0
1.138673996E2,6.506268570E1,2.547006997E1,1.979606397E1,1.582443714E0,9.993224335E1,1.995409489E0,3.000000000E0
1.148673486E2,6.506268306E1,2.547009729E1,1.974130237E1,1.559625983E0,1.002979889E2,1.975406647E0,3.000000000E0
1.158675656E2,6.506267903E1,2.547012236E1,1.973557055E1,1.536626697E0,9.797352600E1,1.972497225E0,3.000000000E0
1.168675936E2,6.506267443E1,2.547015218E1,1.982143283E1,1.532753944E0,9.809420776E1,1.979369164E0,3.000000000E0
1.178674556E2,6.506267364E1,2.547018049E1,1.976672510E1,1.515942693E0,9.736100006E1,1.973316431E0,3.000000000E0
1.188674856E2,6.506267347E1,2.547021350E1,1.975224603E1,1.515984058E0,1.020311813E2,1.942010164E0,3.000000000E0
1.198674676E2,6.506267541E1,2.547024797E1,2.005511502E1,1.521375179E0,1.011468201E2,1.910702467E0,3.000000000E0
1.208675356E2,6.506267437E1,2.547028027E1,1.991632022E1,1.517284036E0,9.398622131E1,1.939186573E0,3.000000000E0
1.218675306E2,6.506267408E1,2.547031308E1,1.997373860E1,1.515544176E0,8.841542053E1,1.953889847E0,3.000000000E0
1.228675176E2,6.506267438E1,2.547035432E1,1.988420219E1,1.544135213E0,8.999763489E1,1.942231655E0,3.000000000E0
1.238676126E2,6.506267654E1,2.547039354E1,1.966730504E1,1.564695835E0,9.246629333E1,1.919681311E0,3.000000000E0
1.248675796E2,6.506267896E1,2.547043102E1,1.952393096E1,1.576997638E0,9.322712708E1,1.900228977E0,3.000000000E0
1.258675766E2,6.506267852E1,2.547045810E1,1.960592237E1,1.548767090E0,9.081855774E1,1.908095360E0,3.000000000E0
1.268676516E2,6.506267878E1,2.547048797E1,1.966246609E1,1.532769680E0,9.152474976E1,1.919450521E0,3.000000000E0
1.278676696E2,6.506267514E1,2.547051748E1,1.978227789E1,1.521262884E0,9.045686340E1,1.908199668E0,3.000000000E0
1.288676506E2,6.506267327E1,2.547055154E1,1.975958200E1,1.522797108E0,9.191902924E1,1.926702499E0,3.000000000E0
1.298676776E2,6.506267309E1,2.547058724E1,1.956740145E1,1.529232860E0,9.685994720E1,1.940916538E0,3.000000000E0
1.308677016E2,6.506267038E1,2.547061803E1,1.953567429E1,1.519912362E0,9.419408417E1,1.945271969E0,3.000000000E0
1.318677146E2,6.506267040E1,2.547065147E1,1.951007668E1,1.518640399E0,9.267306519E1,1.963581800E0,3.000000000E0
1.328677216E2,6.506267249E1,2.547067558E1,1.966205727E1,1.486911416E0,9.213133240E1,1.965208769E0,3.000000000E0
1.338677576E2,6.506267419E1,2.547071937E1,1.953367707E1,1.525929928E0,9.421238708E1,1.934144020E0,3.000000000E0
1.348677546E2,6.506267285E1,2.547074931E1,1.949849921E1,1.511722326E0,9.333879852E1,1.949600697E0,3.000000000E0
1.358678336E2,6.506266846E1,2.547077491E1,1.964173712E1,1.489860773E0,9.015564728E1,1.963368773E0,3.000000000E0
1.368677756E2,6.506266743E1,2.547080803E1,1.960620512E1,1.490201473E0,8.830085754E1,1.958735466E0,3.000000000E0
1.378677916E2,6.506267401E1,2.547084435E1,1.979535301E1,1.513462186E0,8.704610443E1,1.959741116E0,3.000000000E0
1.388678136E2,6.506267275E1,2.547088179E1,1.956339840E1,1.528825164E0,8.695938873E1,1.976362228E0,3.000000000E0
1.398678426E2,6.506267378E1,2.547091165E1,1.962749791E1,1.514670491E0,8.911148071E1,1.995937347E0,3.000000000E0
1.408679186E2,6.506267323E1,2.547093315E1,1.988585493E1,1.471486926E0,9.271365356E1,2.033620358E0,3.000000000E0
1.418679516E2,6.506267244E1,2.547095726E1,1.995306335E1,1.441563606E0,9.012812042E1,1.978508949E0,3.000000000E0
1.428679036E2,6.506267206E1,2.547099093E1,1.998365824E1,1.446894884E0,9.081438446E1,1.927067041E0,3.000000000E0
1.438682616E2,6.506267415E1,2.547102828E1,2.019436647E1,1.466464043E0,9.175268555E1,1.943067789E0,3.000000000E0
1.448679786E2,6.506267658E1,2.547106372E1,2.038054469E1,1.478645086E0,9.067421722E1,1.920015574E0,3.000000000E0
1.458682646E2,6.506267655E1,2.547110197E1,2.053881509E1,1.497341156E0,9.334709930E1,1.916295052E0,3.000000000E0
1.468679996E2,6.506267642E1,2.547113246E1,2.047434024E1,1.485853314E0,9.437238312E1,1.936082840E0,3.000000000E0
1.478680686E2,6.506267501E1,2.547116240E1,2.031989884E1,1.474481106E0,9.184617615E1,1.928982854E0,3.000000000E0
1.488680656E2,6.506267137E1,2.547119707E1,2.020091292E1,1.484231234E0,9.103887177E1,1.934033990E0,3.000000000E0
1.498680846E2,6.506267364E1,2.547123383E1,1.996998729E1,1.498495102E0,9.601097870E1,1.917332649E0,3.000000000E0
1.508685406E2,6.506267436E1,2.547126931E1,1.991264821E1,1.507074594E0,9.690438080E1,1.912343979E0,3.000000000E0
1.518681146E2,6.506267388E1,2.547130465E1,1.996807544E1,1.514304161E0,9.946180725E1,1.953247070E0,3.000000000E0
1.528681386E2,6.506267305E1,2.547133883E1,1.996879154E1,1.516884685E0,9.594554901E1,1.978882790E0,3.000000000E0
1.538681526E2,6.506267143E1,2.547136320E1,2.007989959E1,1.485022306E0,9.495799255E1,1.943360806E0,3.000000000E0
1.548690286E2,6.506267373E1,2.547139181E1,2.049528747E1,1.470693231E0,9.374301910E1,1.937730789E0,3.000000000E0
1.558681776E2,6.506267427E1,2.547142652E1,2.050472831E1,1.476031184E0,9.137498474E1,1.958786488E0,3.000000000E0
1.568685216E2,6.506267595E1,2.547146814E1,2.041187159E1,1.504769683E0,9.221699524E1,1.978579402E0,3.000000000E0
1.578682416E2,6.506267512E1,2.547150186E1,2.051478789E1,1.501656294E0,9.351026154E1,1.949846864E0,3.000000000E0
1.588684076E2,6.506267464E1,2.547153642E1,2.055232519E1,1.502044439E0,9.213367462E1,1.944084406E0,3.000000000E0
1.598682716E2,6.506267518E1,2.547156556E1,2.071965438E1,1.483718395E0,9.106056976E1,1.952894688E0,3.000000000E0
1.608685136E2,6.506268091E1,2.547160494E1,2.088894559E1,1.511906862E0,8.859537506E1,1.962725401E0,3.000000000E0
1.618686196E2,6.506268534E1,2.547163605E1,2.134607991E1,1.506497145E0,8.820501709E1,1.950253725E0,3.000000000E0
1.628683076E2,6.506268517E1,2.547166694E1,2.147978323E1,1.495698929E0,8.833638000E1,1.971406937E0,3.000000000E0
1.638686586E2,6.506268267E1,2.547170386E1,2.128412615E1,1.509343624E0,8.680155945E1,1.937071323E0,3.000000000E0
1.648683836E2,6.506268298E1,2.547173776E1,2.127472604E1,1.508074999E0,8.924813080E1,1.934505939E0,3.000000000E0
1.658684186E2,6.506268291E1,2.547176574E1,2.140332496E1,1.486792445E0,9.321487427E1,1.914738655E0,3.000000000E0
1.668684646E2,6.506268414E1,2.547179821E1,2.127074703E1,1.485479593E0,9.210868835E1,1.898921967E0,3.000000000E0
1.678684446E2,6.506268651E1,2.547183280E1,2.124667837E1,1.494295597E0,9.401548004E1,1.900741339E0,3.000000000E0
1.688687936E2,6.506268210E1,2.547186931E1,2.084996555E1,1.514195442E0,9.612449646E1,1.934303641E0,3.000000000E0
1.698684866E2,6.506267995E1,2.547190748E1,2.053394629E1,1.534650564E0,9.748647308E1,1.964210749E0,3.000000000E0
1.708684746E2,6.506267582E1,2.547194418E1,2.048495505E1,1.550105929E0,1.032778320E2,1.964971662E0,3.000000000E0
1.718685066E2,6.506267054E1,2.547197727E1,2.061742006E1,1.554155588E0,1.088503952E2,1.969849825E0,3.000000000E0
1.728685136E2,6.506266051E1,2.547200549E1,2.039160976E1,1.561755896E0,1.143785019E2,1.946454287E0,3.000000000E0
1.738687096E2,6.506265180E1,2.547203044E1,2.012669677E1,1.551518917E0,1.224213638E2,1.954048872E0,3.000000000E0
1.748685606E2,6.506264121E1,2.547205338E1,1.996118231E1,1.546723843E0,1.345369873E2,1.958770275E0,3.000000000E0
1.758685606E2,6.506262837E1,2.547207212E1,1.984008913E1,1.548458815E0,1.468614807E2,1.955988765E0,3.000000000E0
1.768685976E2,6.506261409E1,2.547208601E1,1.975634211E1,1.553878307E0,1.511579742E2,1.948743820E0,3.000000000E0
1.778685886E2,6.506260137E1,2.547209847E1,1.986844171E1,1.546038032E0,1.573067169E2,1.978660226E0,3.000000000E0
1.788686086E2,6.506258781E1,2.547210631E1,2.007278549E1,1.541251898E0,1.644304047E2,1.973448873E0,3.000000000E0
1.798686456E2,6.506257342E1,2.547210625E1,2.031294382E1,1.540118217E0,1.680478058E2,1.970662236E0,3.000000000E0
1.808687716E2,6.506255820E1,2.547211155E1,2.056945849E1,1.547481060E0,1.699626312E2,1.968428612E0,3.000000000E0
1.818689806E2,6.506254401E1,2.547211705E1,2.077381752E1,1.546348810E0,1.751323395E2,1.980725765E0,3.000000000E0
1.828686886E2,6.506253045E1,2.547212073E1,2.091388870E1,1.538801312E0,1.849099121E2,2.004456043E0,3.000000000E0
1.838687356E2,6.506251916E1,2.547212064E1,2.097082939E1,1.512063742E0,1.841347809E2,2.027976990E0,3.000000000E0
1.848687656E2,6.506250377E1,2.547212341E1,2.123766614E1,1.523792863E0,1.839809875E2,1.973896623E0,3.000000000E0
1.858687886E2,6.506249028E1,2.547211779E1,2.133647744E1,1.520865083E0,1.863266144E2,2.008916616E0,3.000000000E0
1.868690016E2,6.506247295E1,2.547212185E1,2.102601370E1,1.548597336E0,1.853270264E2,1.976330280E0,3.000000000E0
1.878690186E2,6.506245922E1,2.547211964E1,2.095828619E1,1.541887283E0,1.853651733E2,2.001633406E0,3.000000000E0
1.888688306E2,6.506244596E1,2.547211849E1,2.088699366E1,1.531667471E0,1.857243042E2,1.982181311E0,3.000000000E0
1.898688726E2,6.506243525E1,2.547212165E1,2.089737683E1,1.501863360E0,1.848379974E2,1.967480063E0,3.000000000E0
1.908689146E2,6.506242194E1,2.547212351E1,2.073783419E1,1.496101499E0,1.819009705E2,1.932272196E0,3.000000000E0
1.918691136E2,6.506240705E1,2.547212805E1,2.065018933E1,1.504712939E0,1.804218750E2,1.913433194E0,3.000000000E0
1.928692856E2,6.506239298E1,2.547213018E1,2.051652723E1,1.504803538E0,1.816641846E2,1.933452129E0,3.000000000E0
1.938689516E2,6.506237968E1,2.547212462E1,2.035534276E1,1.499217987E0,1.843308563E2,1.954484940E0,3.000000000E0
1.948691306E2,6.506236502E1,2.547213074E1,2.005157491E1,1.505432844E0,1.849826050E2,1.963038683E0,3.000000000E0
1.958690036E2,6.506234908E1,2.547213020E1,1.998111468E1,1.519924283E0,1.849332275E2,1.999454856E0,3.000000000E0
1.968690816E2,6.506233792E1,2.547213051E1,2.002659227E1,1.493380785E0,1.850044861E2,1.985696554E0,3.000000000E0
1.978690406E2,6.506232484E1,2.547212868E1,2.007190632E1,1.485959291E0,1.844662018E2,1.969105482E0,3.000000000E0
1.988690436E2,6.506231203E1,2.547212754E1,1.981106885E1,1.477954149E0,1.864042969E2,2.020411015E0,3.000000000E0
1.998690646E2,6.506229682E1,2.547213074E1,1.968013095E1,1.490913987E0,1.864135284E2,1.971994042E0,3.000000000E0
2.008690716E2,6.506228043E1,2.547213229E1,1.965989058E1,1.512652159E0,1.886757202E2,1.916630387E0,3.000000000E0
2.018693056E2,6.506226455E1,2.547212992E1,1.978987679E1,1.529663324E0,1.904383850E2,1.941491604E0,3.000000000E0
2.028694266E2,6.506224924E1,2.547212492E1,1.987240303E1,1.540764689E0,1.923061523E2,1.980563402E0,3.000000000E0
2.038691746E2,6.506223471E1,2.547212238E1,1.983243419E1,1.542691469E0,1.905643616E2,1.981623888E0,3.000000000E0
2.048691596E2,6.506221829E1,2.547212389E1,1.979921676E1,1.558805585E0,1.870240173E2,1.937914133E0,3.000000000E0
2.058691596E2,6.506220651E1,2.547212202E1,1.963779876E1,1.534281254E0,1.847164154E2,1.946931362E0,3.000000000E0
2.068693396E2,6.506219366E1,2.547211593E1,1.956660229E1,1.523644209E0,1.819065704E2,1.953169227E0,3.000000000E0
2.078692266E2,6.506218134E1,2.547211801E1,1.931417260E1,1.508054972E0,1.845116730E2,1.969612956E0,3.000000000E0
2.088692696E2,6.506217028E1,2.547212606E1,1.924685812E1,1.487143517E0,1.806403961E2,1.923733592E0,3.000000000E0
2.098696316E2,6.506215858E1,2.547213166E1,1.941939344E1,1.471823096E0,1.798439636E2,1.907409310E0,3.000000000E0
2.108693306E2,6.506214630E1,2.547213329E1,1.957596530E1,1.461777091E0,1.792911072E2,1.940266848E0,3.000000000E0
2.118695736E2,6.506213467E1,2.547213642E1,1.960433598E1,1.448461294E0,1.820083160E2,2.021144867E0,3.000000000E0
2.128693176E2,6.506212078E1,2.547213815E1,1.941900164E1,1.455154896E0,1.825693970E2,2.037107944E0,3.000000000E0
2.138695156E2,6.506210202E1,2.547214622E1,1.934708587E1,1.504427433E0,1.816816864E2,2.038574219E0,3.000000000E0
2.148693686E2,6.506208753E1,2.547214300E1,1.960504432E1,1.510804653E0,1.787991333E2,2.014194965E0,3.000000000E0
2.158694186E2,6.506207454E1,2.547214048E1,1.950786946E1,1.502766848E0,1.800482941E2,2.000266075E0,3.000000000E0
2.168694426E2,6.506206235E1,2.547213558E1,1.954541328E1,1.490472555E0,1.801387634E2,2.008354664E0,3.000000000E0
2.178696206E2,6.506204878E1,2.547213226E1,1.944750632E1,1.490556598E0,1.839583282E2,1.993047595E0,3.000000000E0
2.188697406E2,6.506203372E1,2.547213315E1,1.945245417E1,1.501954079E0,1.820919800E2,1.997399092E0,3.000000000E0
2.198694356E2,6.506201709E1,2.547213416E1,1.941546120E1,1.524677038E0,1.816031799E2,1.965980768E0,3.000000000E0
2.208695176E2,6.506200183E1,2.547212652E1,1.939036168E1,1.537981153E0,1.838393707E2,2.012448788E0,3.000000000E0
2.218696376E2,6.506198729E1,2.547211806E1,1.947067167E1,1.547310114E0,1.868443909E2,2.018605232E0,3.000000000E0
2.228695136E2,6.506197341E1,2.547211358E1,1.941478645E1,1.550027370E0,1.915734558E2,2.017297983E0,3.000000000E0
2.238695776E2,6.506196010E1,2.547210917E1,1.931651313E1,1.546557903E0,1.906571350E2,2.022010565E0,3.000000000E0
2.248695956E2,6.506194859E1,2.547210788E1,1.918415486E1,1.525622129E0,1.870418549E2,2.048520803E0,3.000000000E0
2.258696196E2,6.506193237E1,2.547211384E1,1.920541334E1,1.545332193E0,1.838464661E2,1.995491028E0,3.000000000E0
2.268698586E2,6.506191875E1,2.547211509E1,1.915118070E1,1.540266752E0,1.871977386E2,1.986870289E0,3.000000000E0
2.278696656E2,6.506190570E1,2.547211725E1,1.944046768E1,1.531082034E0,1.855262909E2,1.996405840E0,3.000000000E0
2.288699036E2,6.506189044E1,2.547212422E1,1.943052044E1,1.543188572E0,1.851420593E2,1.983534813E0,3.000000000E0
2.298696906E2,6.506187426E1,2.547212452E1,1.940236184E1,1.559212208E0,1.826687622E2,1.942559481E0,3.000000000E0
2.308698566E2,6.506186073E1,2.547212686E1,1.934226448E1,1.551641703E0,1.809072113E2,1.897994280E0,3.000000000E0
2.318697346E2,6.506184904E1,2.547213020E1,1.957557779E1,1.530247808E0,1.789279175E2,1.889116645E0,3.000000000E0
2.328697756E2,6.506183565E1,2.547212775E1,1.983569203E1,1.525671005E0,1.829873505E2,1.905318499E0,3.000000000E0
2.338697856E2,6.506182245E1,2.547212296E1,2.019957683E1,1.521088600E0,1.811153870E2,1.926174641E0,3.000000000E0
2.348701416E2,6.506181079E1,2.547211724E1,2.055124039E1,1.504306078E0,1.805106354E2,1.956624985E0,3.000000000E0
2.358698176E2,6.506179842E1,2.547212319E1,2.074237992E1,1.494446278E0,1.790452271E2,1.980326414E0,3.000000000E0
2.368700766E2,6.506178512E1,2.547212514E1,2.077572156E1,1.491078854E0,1.808420258E2,1.993275881E0,3.000000000E0
2.378698296E2,6.506177264E1,2.547212488E1,2.101420210E1,1.481215119E0,1.831578674E2,1.956150532E0,3.000000000E0
2.388698666E2,6.506175677E1,2.547212062E1,2.113878755E1,1.501059771E0,1.854914703E2,1.936556339E0,3.000000000E0
2.398698756E2,6.506174050E1,2.547212127E1,2.079622451E1,1.521190405E0,1.847742157E2,1.938923478E0,3.000000000E0
2.408698916E2,6.506172812E1,2.547212224E1,2.063211125E1,1.506988406E0,1.847090454E2,1.926610470E0,3.000000000E0
2.418700576E2,6.506171595E1,2.547212537E1,2.039197523E1,1.493037224E0,1.861125336E2,1.931545615E0,3.000000000E0
2.428701116E2,6.506170204E1,2.547212413E1,2.028462098E1,1.495271206E0,1.868493958E2,1.914403796E0,3.000000000E0
2.438699896E2,6.506168906E1,2.547211912E1,2.019862080E1,1.491050601E0,1.865901337E2,1.897954464E0,3.000000000E0
2.448702626E2,6.506167252E1,2.547212052E1,2.001208544E1,1.514973283E0,1.850820770E2,1.900654435E0,3.000000000E0
2.458702106E2,6.506165762E1,2.547212317E1,2.001680215E1,1.522776365E0,1.883539581E2,1.909527063E0,3.000000000E0
2.468700556E2,6.506164211E1,2.547212804E1,1.991232105E1,1.536879539E0,1.871108398E2,1.907225490E0,3.000000000E0
2.478700336E2,6.506162272E1,2.547213155E1,1.958825633E1,1.581175089E0,1.825629120E2,1.900622249E0,3.000000000E0
2.488702606E2,6.506160442E1,2.547212709E1,1.940589728E1,1.612585306E0,1.816837006E2,1.889758229E0,3.000000000E0
2.498704426E2,6.506159147E1,2.547211996E1,1.934689596E1,1.598428488E0,1.828920593E2,1.910173178E0,3.000000000E0
2.508703586E2,6.506157789E1,2.547212233E1,1.927880493E1,1.588153243E0,1.792238007E2,1.905716300E0,3.000000000E0
2.518701546E2,6.506156617E1,2.547213041E1,1.904877916E1,1.566703320E0,1.778982391E2,1.912170410E0,3.000000000E0
2.528701416E2,6.506155298E1,2.547213640E1,1.886737519E1,1.557549596E0,1.791945953E2,1.909826756E0,3.000000000E0
2.538702066E2,6.506153723E1,2.547214393E1,1.876593945E1,1.570924282E0,1.816756134E2,1.885742068E0,3.000000000E0
2.548702216E2,6.506152350E1,2.547214372E1,1.854041691E1,1.562898040E0,1.815531311E2,1.903209329E0,3.000000000E0
2.558702116E2,6.506150993E1,2.547213468E1,1.846813551E1,1.558715582E0,1.805093384E2,1.905079007E0,3.000000000E0
2.568705186E2,6.506149561E1,2.547212515E1,1.849008105E1,1.562006474E0,1.794380646E2,1.906564951E0,3.000000000E0
2.578704176E2,6.506148321E1,2.547212050E1,1.843709967E1,1.545437217E0,1.782936096E2,1.907774210E0,3.000000000E0
2.588702806E2,6.506146995E1,2.547211678E1,1.839400049E1,1.537348270E0,1.794644318E2,1.944850445E0,3.000000000E0
2.598702926E2,6.506145557E1,2.547211317E1,1.850202467E1,1.538721204E0,1.805261383E2,1.979736686E0,3.000000000E0
2.608704786E2,6.506144168E1,2.547211051E1,1.853493861E1,1.536162853E0,1.812125702E2,1.975137949E0,3.000000000E0
2.618704886E2,6.506142715E1,2.547210823E1,1.855803727E1,1.539521575E0,1.897356110E2,1.963414669E0,3.000000000E0
2.628704166E2,6.506141030E1,2.547210340E1,1.866040335E1,1.562511325E0,1.957328491E2,1.928246737E0,3.000000000E0
2.638705166E2,6.506139715E1,2.547209075E1,1.887201131E1,1.561023712E0,2.083230133E2,1.896571398E0,3.000000000E0
2.648706846E2,6.506138630E1,2.547206166E1,1.920574731E1,1.578395605E0,2.256847382E2,1.918080568E0,3.000000000E0
2.658707366E2,6.506138285E1,2.547202529E1,1.927154999E1,1.588877559E0,2.457083435E2,1.997600317E0,3.000000000E0
2.668704796E2,6.506138076E1,2.547198683E1,1.931893321E1,1.603116512E0,2.571952515E2,1.988162041E0,3.000000000E0
2.678704426E2,6.506137832E1,2.547195350E1,1.944492685E1,1.597527266E0,2.642169189E2,2.000660181E0,3.000000000E0
2.688708046E2,6.506137517E1,2.547191951E1,1.934420926E1,1.596435905E0,2.621586914E2,1.963821650E0,3.000000000E0
2.698706596E2,6.506137238E1,2.547188324E1,1.953929281E1,1.605818510E0,2.632044067E2,1.921819448E0,3.000000000E0
2.708707306E2,6.506136929E1,2.547184989E1,1.968074218E1,1.605582833E0,2.642385864E2,1.927221775E0,3.000000000E0
2.718705426E2,6.506136452E1,2.547182195E1,1.983253174E1,1.590163589E0,2.635158081E2,1.887605190E0,3.000000000E0
2.728705626E2,6.506136030E1,2.547178515E1,1.987985535E1,1.601902127E0,2.661118469E2,1.914731979E0,3.000000000E0
2.738709006E2,6.506136087E1,2.547175495E1,1.995415532E1,1.583235264E0,2.623226318E2,1.961454630E0,3.000000000E0
2.748706076E2,6.506135893E1,2.547172378E1,2.034647583E1,1.571066380E0,2.581869507E2,1.982054830E0,3.000000000E0
2.758706526E2,6.506135637E1,2.547169278E1,2.061778647E1,1.562007070E0,2.600592651E2,1.990913630E0,3.000000000E0
2.768706406E2,6.506135601E1,2.547166278E1,2.069838680E1,1.548902750E0,2.634419250E2,2.042577028E0,3.000000000E0
2.778708076E2,6.506135215E1,2.547162758E1,2.085838579E1,1.560710192E0,2.645515137E2,2.013784170E0,3.000000000E0
2.788707016E2,6.506134944E1,2.547159092E1,2.096373514E1,1.574822187E0,2.645733643E2,2.075930595E0,3.000000000E0
2.798707156E2,6.506134691E1,2.547155808E1,2.117404763E1,1.575390100E0,2.620669250E2,2.093369246E0,3.000000000E0
2.808709326E2,6.506134852E1,2.547151988E1,2.138764600E1,1.593307972E0,2.655799255E2,2.115058899E0,3.000000000E0
2.818709786E2,6.506134620E1,2.547149140E1,2.152224726E1,1.574820399E0,2.658183899E2,2.134222269E0,3.000000000E0
2.828707976E2,6.506134333E1,2.547146730E1,2.183249734E1,1.542726755E0,2.625368042E2,2.129869699E0,3.000000000E0
2.838707796E2,6.506134102E1,2.547143506E1,2.206659794E1,1.540188789E0,2.566513367E2,2.127431393E0,3.000000000E0
2.848708276E2,6.506133989E1,2.547139845E1,2.210407683E1,1.552007437E0,2.596424561E2,2.150576115E0,3.000000000E0
2.858708676E2,6.506133694E1,2.547136295E1,2.199286969E1,1.562267065E0,2.597949219E2,2.106565952E0,3.000000000E0
2.868708696E2,6.506132670E1,2.547133048E1,2.178585148E1,1.586245894E0,2.586126709E2,2.049130917E0,3.000000000E0
2.878709086E2,6.506132485E1,2.547130001E1,2.187058752E1,1.574194193E0,2.614490356E2,1.978549480E0,3.000000000E0
2.888711976E2,6.506132525E1,2.547126575E1,2.171092058E1,1.575541973E0,2.603884277E2,2.031961918E0,3.000000000E0
2.898709526E2,6.506132786E1,2.547122793E1,2.133718449E1,1.590783238E0,2.591449585E2,2.055247545E0,3.000000000E0
2.908709656E2,6.506132678E1,2.547118617E1,2.112682444E1,1.615419984E0,2.589177246E2,1.996679664E0,3.000000000E0
2.918711266E2,6.506132521E1,2.547115632E1,2.100941931E1,1.595611930E0,2.609049072E2,2.002713442E0,3.000000000E0
2.928714076E2,6.506132199E1,2.547112858E1,2.102071775E1,1.573490620E0,2.646771851E2,1.998322248E0,3.000000000E0
2.938710356E2,6.506131943E1,2.547109815E1,2.107022877E1,1.562459826E0,2.650055542E2,1.985399246E0,3.000000000E0
2.948710316E2,6.506131984E1,2.547106422E1,2.090031778E1,1.563205481E0,2.662700806E2,2.026910305E0,3.000000000E0
2.958710456E2,6.506131902E1,2.547103332E1,2.085398380E1,1.552540183E0,2.676112061E2,2.023201704E0,3.000000000E0
2.968710706E2,6.506131551E1,2.547100093E1,2.100193639E1,1.552367687E0,2.660095520E2,1.963086247E0,3.000000000E0
2.978713196E2,6.506131092E1,2.547096779E1,2.103533523E1,1.558448195E0,2.638979797E2,1.970963478E0,3.000000000E0
2.988711086E2,6.506131368E1,2.547093590E1,2.085051607E1,1.555109024E0,2.649477844E2,1.992063046E0,3.000000000E0
2.998711136E2,6.506131349E1,2.547090860E1,2.066412320E1,1.532603025E0,2.649789429E2,1.988487244E0,3.000000000E0
3.008713456E2,6.506131268E1,2.547087966E1,2.036458157E1,1.518007874E0,2.647322693E2,2.002680779E0,3.000000000E0
3.018711606E2,6.506131237E1,2.547084128E1,2.021423734E1,1.538578033E0,2.648567505E2,1.993851185E0,3.000000000E0
3.028713726E2,6.506131316E1,2.547080558E1,1.999156550E1,1.547961235E0,2.639778137E2,1.990751505E0,3.000000000E0
3.038712226E2,6.506131034E1,2.547076671E1,1.974201483E1,1.569184184E0,2.618829651E2,1.957387090E0,3.000000000E0
3.048712926E2,6.506130355E1,2.547073256E1,1.971216868E1,1.582461834E0,2.605833740E2,1.926824331E0,3.000000000E0
3.058715576E2,6.506130357E1,2.547070331E1,1.958944704E1,1.565404177E0,2.590080566E2,1.987057447E0,3.000000000E0
3.068712986E2,6.506130035E1,2.547067300E1,1.963060583E1,1.557518840E0,2.613759766E2,1.990868926E0,3.000000000E0
3.078712866E2,6.506129615E1,2.547064096E1,1.972513849E1,1.557285309E0,2.651941528E2,2.019628048E0,3.000000000E0
3.088713116E2,6.506129285E1,2.547060999E1,1.998022957E1,1.550301909E0,2.654411011E2,1.978608012E0,3.000000000E0
3.098713486E2,6.506129239E1,2.547057972E1,2.009269694E1,1.538199186E0,2.661756287E2,1.952111721E0,3.000000000E0
3.108716106E2,6.506129208E1,2.547055246E1,1.999278477E1,1.517637849E0,2.644280701E2,1.962632895E0,3.000000000E0
3.118713886E2,6.506129133E1,2.547052771E1,1.994591776E1,1.492195606E0,2.643767700E2,2.053327084E0,3.000000000E0
3.128715886E2,6.506128511E1,2.547049364E1,1.994798995E1,1.514169931E0,2.635991516E2,1.995780587E0,3.000000000E0
3.138713856E2,6.506127918E1,2.547045247E1,2.016603961E1,1.557457209E0,2.583684692E2,2.008965015E0,3.000000000E0
3.148713976E2,6.506127324E1,2.547042260E1,2.018811678E1,1.559698939E0,2.539064636E2,2.082177401E0,3.000000000E0
3.158714576E2,6.506127507E1,2.547039486E1,1.976535458E1,1.541861057E0,2.491712036E2,2.085032940E0,3.000000000E0
3.168714706E2,6.506127032E1,2.547036227E1,1.944871750E1,1.547098160E0,2.452230225E2,2.153607368E0,3.000000000E0
3.178715286E2,6.506126388E1,2.547033247E1,1.913408580E1,1.547570705E0,2.471938324E2,2.142509460E0,3.000000000E0
3.188717336E2,6.506125245E1,2.547029830E1,1.903585119E1,1.581852555E0,2.436220856E2,2.172064304E0,3.000000000E0
3.198715256E2,6.506123963E1,2.547026871E1,1.897801257E1,1.607701302E0,2.343887939E2,2.158266306E0,3.000000000E0
3.208715226E2,6.506122872E1,2.547025467E1,1.888937135E1,1.584210992E0,2.193038635E2,2.134672403E0,3.000000000E0
3.218715856E2,6.506121999E1,2.547025263E1,1.878925431E1,1.531740189E0,2.123397827E2,2.143383503E0,3.000000000E0
3.228716016E2,6.506120960E1,2.547024702E1,1.880048937E1,1.500198960E0,2.115935516E2,2.159509420E0,3.000000000E0
3.238716286E2,6.506119577E1,2.547023706E1,1.879157571E1,1.504488587E0,2.080765686E2,2.154919863E0,3.000000000E0
3.248720636E2,6.506118344E1,2.547023070E1,1.867783316E1,1.493985772E0,2.035851898E2,2.003551960E0,3.000000000E0
3.258716896E2,6.506116864E1,2.547022744E1,1.872925372E1,1.504494548E0,1.960079193E2,2.042282104E0,3.000000000E0
3.268716916E2,6.506115609E1,2.547022505E1,1.889171817E1,1.496319294E0,1.945946198E2,2.023736954E0,3.000000000E0
3.278717116E2,6.506114336E1,2.547022769E1,1.898099760E1,1.491066217E0,1.885370941E2,1.990827441E0,3.000000000E0
3.288717156E2,6.506112962E1,2.547023077E1,1.904072269E1,1.494559050E0,1.849091187E2,2.009898424E0,3.000000000E0
3.298717446E2,6.506111434E1,2.547023363E1,1.908314752E1,1.510331154E0,1.830528564E2,2.010813951E0,3.000000000E0
3.308721396E2,6.506110113E1,2.547023434E1,1.908592989E1,1.506527424E0,1.759485474E2,2.093247890E0,3.000000000E0
3.318721546E2,6.506108762E1,2.547024083E1,1.911666026E1,1.507910848E0,1.714334717E2,2.107383251E0,3.000000000E0
3.328718996E2,6.506107337E1,2.547025019E1,1.915172535E1,1.517677188E0,1.708708649E2,2.105648994E0,3.000000000E0
3.338718726E2,6.506106048E1,2.547025802E1,1.913535970E1,1.513668060E0,1.700472717E2,2.109633923E0,3.000000000E0
3.348718576E2,6.506104617E1,2.547026755E1,1.911243515E1,1.522660494E0,1.636761475E2,2.111501217E0,3.000000000E0
3.358718876E2,6.506103219E1,2.547027875E1,1.901142056E1,1.529357314E0,1.677592468E2,2.122895718E0,3.000000000E0
3.368720786E2,6.506102186E1,2.547028150E1,1.916075271E1,1.499362946E0,1.676395721E2,2.134341002E0,3.000000000E0
3.378718806E2,6.506100914E1,2.547028314E1,1.912116214E1,1.491872549E0,1.696200562E2,2.051601410E0,3.000000000E0
3.388719426E2,6.506099484E1,2.547029105E1,1.900844354E1,1.501466036E0,1.722063751E2,2.045765877E0,3.000000000E0
3.398719516E2,6.506098043E1,2.547029786E1,1.881786606E1,1.509137154E0,1.721595154E2,2.017256975E0,3.000000000E0
3.408720826E2,6.506096962E1,2.547030265E1,1.883731985E1,1.485048652E0,1.726854248E2,2.009538651E0,3.000000000E0
3.418720326E2,6.506095347E1,2.547031309E1,1.905954502E1,1.511363387E0,1.734181824E2,1.956827641E0,3.000000000E0
3.428721896E2,6.506094030E1,2.547031916E1,1.916236781E1,1.507510900E0,1.710997620E2,1.941833138E0,3.000000000E0
3.438722156E2,6.506092866E1,2.547032409E1,1.934449631E1,1.492474198E0,1.755420685E2,1.948041916E0,3.000000000E0
3.448721126E2,6.506091534E1,2.547032589E1,1.937608607E1,1.491891265E0,1.801949310E2,1.930775881E0,3.000000000E0
3.458720856E2,6.506090054E1,2.547032250E1,1.926766618E1,1.505030513E0,1.814570312E2,2.002057552E0,3.000000000E0
3.468722846E2,6.506088416E1,2.547032351E1,1.921911729E1,1.529179573E0,1.798210754E2,2.036935806E0,3.000000000E0
3.478721356E2,6.506087128E1,2.547032131E1,1.944764273E1,1.520205498E0,1.780464172E2,2.033383369E0,3.000000000E0
3.488724516E2,6.506086027E1,2.547031588E1,1.971613388E1,1.496521711E0,1.779176788E2,2.050105095E0,3.000000000E0
3.498721986E2,6.506084901E1,2.547031315E1,1.970200900E1,1.475707889E0,1.831471558E2,2.064810753E0,3.000000000E0
3.508722146E2,6.506083688E1,2.547030498E1,1.952543151E1,1.468795419E0,1.965804443E2,1.997254372E0,3.000000000E0
3.518722426E2,6.506082752E1,2.547028335E1,1.955919648E1,1.467978716E0,2.121832275E2,2.020202637E0,3.000000000E0
3.528722606E2,6.506082135E1,2.547024899E1,1.959232854E1,1.488270283E0,2.379151611E2,1.997884274E0,3.000000000E0
3.538727176E2,6.506081801E1,2.547021574E1,1.969619924E1,1.496077538E0,2.586960754E2,1.995399237E0,3.000000000E0
3.548726576E2,6.506081888E1,2.547017907E1,1.991241923E1,1.512208343E0,2.681877747E2,1.987159014E0,3.000000000E0
3.558723296E2,6.506082041E1,2.547013639E1,1.992172009E1,1.548966885E0,2.653502502E2,1.978534222E0,3.000000000E0
3.568724856E2,6.506081990E1,2.547009561E1,1.980679716E1,1.574668288E0,2.658151855E2,1.967633963E0,3.000000000E0
3.578723656E2,6.506082165E1,2.547005593E1,1.971456420E1,1.594591141E0,2.676994019E2,1.959878206E0,3.000000000E0
3.588726686E2,6.506082377E1,2.547001890E1,1.961542583E1,1.603900433E0,2.724006042E2,1.955410957E0,3.000000000E0
3.598725766E2,6.506082201E1,2.546998311E1,1.948542724E1,1.609709501E0,2.747126465E2,1.954684734E0,3.000000000E0
3.608724146E2,6.506081940E1,2.546994877E1,1.918775471E1,1.611081004E0,2.747724304E2,1.959108710E0,3.000000000E0
3.618724446E2,6.506081881E1,2.546991704E1,1.911383416E1,1.601286173E0,2.765518494E2,1.957054496E0,3.000000000E0
3.628725896E2,6.506081654E1,2.546989119E1,1.905390607E1,1.574142218E0,2.749187622E2,1.921614408E0,3.000000000E0
3.638725996E2,6.506081659E1,2.546986541E1,1.899304841E1,1.548085928E0,2.708482666E2,1.932775736E0,3.000000000E0
3.648728116E2,6.506081509E1,2.546983026E1,1.899510792E1,1.557379603E0,2.681732178E2,1.923966169E0,3.000000000E0
3.658725486E2,6.506081499E1,2.546979625E1,1.899158387E1,1.559513211E0,2.727960510E2,1.905098915E0,3.000000000E0
3.668725486E2,6.506081417E1,2.546976560E1,1.879903845E1,1.548415065E0,2.737809448E2,1.937564611E0,3.000000000E0
3.678727696E2,6.506081285E1,2.546973692E1,1.859609206E1,1.531296492E0,2.745455933E2,1.942433953E0,3.000000000E0
3.688725936E2,6.506081523E1,2.546970379E1,1.846524116E1,1.532785892E0,2.710386658E2,1.983429909E0,3.000000000E0
3.698727776E2,6.506081436E1,2.546967498E1,1.854186413E1,1.518310785E0,2.681297607E2,2.006141424E0,3.000000000E0
3.708726056E2,6.506081416E1,2.546963856E1,1.846355857E1,1.533376217E0,2.652118530E2,2.022947550E0,3.000000000E0
3.718726396E2,6.506081376E1,2.546960339E1,1.842464969E1,1.542887449E0,2.665487671E2,2.032945156E0,3.000000000E0
3.728726956E2,6.506081374E1,2.546957589E1,1.818975175E1,1.523793101E0,2.677883301E2,2.025691748E0,3.000000000E0
3.738727246E2,6.506081077E1,2.546954633E1,1.815325679E1,1.516410828E0,2.670177612E2,2.033515930E0,3.000000000E0
3.748727036E2,6.506080970E1,2.546951527E1,1.819920557E1,1.512492418E0,2.698058167E2,2.048707962E0,3.000000000E0
3.758727466E2,6.506081057E1,2.546948371E1,1.818697338E1,1.509925365E0,2.707781372E2,2.025455236E0,3.000000000E0
3.768727546E2,6.506080904E1,2.546945421E1,1.834765173E1,1.499609590E0,2.727388306E2,2.019163370E0,3.000000000E0
3.778728066E2,6.506080980E1,2.546942211E1,1.843187557E1,1.498093724E0,2.701386414E2,2.051251173E0,3.000000000E0
3.788729626E2,6.506080601E1,2.546938764E1,1.860133399E1,1.508353949E0,2.696335144E2,2.051812172E0,3.000000000E0
3.798728296E2,6.506080363E1,2.546935956E1,1.878310360E1,1.493403673E0,2.714449463E2,1.968168497E0,3.000000000E0
3.808731346E2,6.506080189E1,2.546932705E1,1.899759982E1,1.494794607E0,2.713746338E2,1.970330238E0,3.000000000E0
3.818730416E2,6.506080047E1,2.546929264E1,1.908054206E1,1.502732515E0,2.747121582E2,2.037281752E0,3.000000000E0
3.828728906E2,6.506080328E1,2.546925698E1,1.923809915E1,1.516848326E0,2.727740173E2,2.041923285E0,3.000000000E0
3.838729466E2,6.506080476E1,2.546922211E1,1.922991542E1,1.524940014E0,2.719134521E2,2.108191490E0,3.000000000E0
3.848729306E2,6.506080354E1,2.546918947E1,1.935230046E1,1.524336934E0,2.707331238E2,2.076200485E0,3.000000000E0
3.858729676E2,6.506080087E1,2.546916093E1,1.960941367E1,1.510952353E0,2.735084229E2,2.034312487E0,3.000000000E0
3.868730566E2,6.506079995E1,2.546913807E1,1.990095505E1,1.477089167E0,2.712640076E2,2.031773806E0,3.000000000E0
3.878729906E2,6.506079981E1,2.546910795E1,2.006270406E1,1.471204281E0,2.680410767E2,2.028277397E0,3.000000000E0
3.888730606E2,6.506080257E1,2.546907008E1,1.999691102E1,1.495815516E0,2.659502869E2,2.041970730E0,3.000000000E0
3.898730076E2,6.506080458E1,2.546903529E1,1.989792623E1,1.506786346E0,2.680287476E2,2.047976255E0,3.000000000E0
3.908730406E2,6.506080752E1,2.546900138E1,1.968005336E1,1.515237689E0,2.679579773E2,2.070904732E0,3.000000000E0
3.918730366E2,6.506080591E1,2.546897135E1,1.961465397E1,1.507785320E0,2.702228699E2,2.057198286E0,3.000000000E0
3.928730516E2,6.506080697E1,2.546893199E1,1.953033829E1,1.533435822E0,2.716348267E2,2.135839462E0,3.000000000E0
3.938730976E2,6.506081017E1,2.546890528E1,1.931649791E1,1.513877392E0,2.741730957E2,2.174427986E0,3.000000000E0
3.948731026E2,6.506081782E1,2.546888138E1,1.908492276E1,1.502360821E0,2.778599854E2,2.202977180E0,3.000000000E0
3.958731456E2,6.506082052E1,2.546884444E1,1.887436864E1,1.518051147E0,2.715682068E2,2.330443621E0,3.000000000E0
3.968731446E2,6.506081794E1,2.546879900E1,1.895682286E1,1.561829925E0,2.741100159E2,2.295641899E0,3.000000000E0
3.978732036E2,6.506081393E1,2.546875963E1,1.903274662E1,1.583284974E0,2.750361633E2,2.172697067E0,3.000000000E0
3.988734956E2,6.506081635E1,2.546873740E1,1.895017875E1,1.540689349E0,2.796607361E2,2.219283581E0,3.000000000E0
3.998734356E2,6.506081840E1,2.546870910E1,1.882637581E1,1.522792220E0,2.772682190E2,2.210826874E0,3.000000000E0
4.008732426E2,6.506081534E1,2.546867646E1,1.881036812E1,1.523546934E0,2.760652771E2,2.001053572E0,3.000000000E0
4.018735356E2,6.506081635E1,2.546865018E1,1.887706174E1,1.500610113E0,2.738872681E2,1.999083638E0,3.000000000E0
4.028734656E2,6.506081683E1,2.546861064E1,1.886612386E1,1.527029514E0,2.710792236E2,2.099383831E0,3.000000000E0
4.038733256E2,6.506081644E1,2.546857867E1,1.880659536E1,1.524401426E0,2.739737244E2,2.143216133E0,3.000000000E0
4.048733496E2,6.506081672E1,2.546855205E1,1.880564268E1,1.501419544E0,2.704671936E2,2.091028214E0,3.000000000E0
4.058733606E2,6.506081502E1,2.546852144E1,1.885591676E1,1.496194601E0,2.635044556E2,2.098492622E0,3.000000000E0
4.068734386E2,6.506081349E1,2.546848725E1,1.903198167E1,1.505189657E0,2.652747803E2,2.221042395E0,3.000000000E0
4.078734186E2,6.506081377E1,2.546845663E1,1.926297144E1,1.501862288E0,2.664064636E2,2.272104740E0,3.000000000E0
4.088737156E2,6.506081262E1,2.546841991E1,1.949684103E1,1.520849466E0,2.700553284E2,2.275611401E0,3.000000000E0
4.098734586E2,6.506081466E1,2.546838487E1,1.967371903E1,1.533154964E0,2.714868469E2,2.297761917E0,3.000000000E0
4.108734726E2,6.506081470E1,2.546835429E1,1.992305042E1,1.525675535E0,2.763003845E2,2.194489956E0,3.000000000E0
4.118735046E2,6.506081421E1,2.546832221E1,2.012239405E1,1.523009062E0,2.756764221E2,2.192599535E0,3.000000000E0
4.128738646E2,6.506081604E1,2.546828892E1,1.996674273E1,1.525066972E0,2.753644104E2,2.208484173E0,3.000000000E0
4.138736936E2,6.506081952E1,2.546825493E1,1.983772251E1,1.531361341E0,2.746597900E2,2.128804684E0,3.000000000E0
4.148735556E2,6.506082351E1,2.546822012E1,1.968278187E1,1.542243481E0,2.739299316E2,2.140242338E0,3.000000000E0
4.158737456E2,6.506082738E1,2.546817615E1,1.943794134E1,1.584574223E0,2.727513428E2,2.093848944E0,3.000000000E0
4.168739866E2,6.506082848E1,2.546814441E1,1.914704044E1,1.578388810E0,2.695675354E2,2.139083862E0,3.000000000E0
4.178736176E2,6.506082755E1,2.546811460E1,1.890976482E1,1.565965533E0,2.774432678E2,2.162782431E0,3.000000000E0
4.188736806E2,6.506082822E1,2.546808334E1,1.859991017E1,1.558456779E0,2.759828186E2,2.166964769E0,3.000000000E0
4.198738526E2,6.506083101E1,2.546805408E1,1.833120194E1,1.547421217E0,2.712167664E2,2.252886534E0,3.000000000E0
4.208737066E2,6.506083272E1,2.546802623E1,1.803294657E1,1.530380487E0,2.717798462E2,2.268211365E0,3.000000000E0
4.218739286E2,6.506083389E1,2.546800132E1,1.788297612E1,1.503892660E0,2.710403442E2,2.223987579E0,3.000000000E0
4.228737296E2,6.506083594E1,2.546797162E1,1.760891300E1,1.496889830E0,2.717918396E2,2.207827091E0,3.000000000E0
4.238737756E2,6.506083602E1,2.546793834E1,1.752247917E1,1.501528621E0,2.737812500E2,2.220615387E0,3.000000000E0
4.248742276E2,6.506083722E1,2.546790650E1,1.747339761E1,1.501741409E0,2.741644897E2,2.219674826E0,3.000000000E0
4.258739726E2,6.506083844E1,2.546787569E1,1.731215744E1,1.498175621E0,2.804295654E2,2.171766281E0,3.000000000E0
4.268737986E2,6.506084119E1,2.546784519E1,1.728387616E1,1.494878292E0,2.879288330E2,2.086724758E0,3.000000000E0
4.278739866E2,6.506084442E1,2.546781469E1,1.759176777E1,1.493723869E0,2.935989990E2,2.031386614E0,3.000000000E0
4.288738856E2,6.506084923E1,2.546778189E1,1.775511177E1,1.505509377E0,2.938007202E2,1.957664251E0,3.000000000E0
4.298738966E2,6.506085742E1,2.546775219E1,1.781920116E1,1.518397212E0,3.017804565E2,1.946678162E0,3.000000000E0
4.308739036E2,6.506086912E1,2.546773318E1,1.788603426E1,1.522043705E0,3.143063049E2,1.940729141E0,3.000000000E0
4.318741226E2,6.506088308E1,2.546771740E1,1.777313788E1,1.534559369E0,3.300125427E2,1.934661150E0,3.000000000E0
4.328741206E2,6.506089774E1,2.546771600E1,1.781863671E1,1.538836241E0,3.430626831E2,1.944519043E0,3.000000000E0
4.338739566E2,6.506091063E1,2.546771381E1,1.775312068E1,1.530048251E0,3.511312561E2,2.029773235E0,3.000000000E0
4.348739526E2,6.506092778E1,2.546770917E1,1.785464879E1,1.559869766E0,3.576790771E2,2.069849491E0,3.000000000E0
4.358739906E2,6.506093963E1,2.546771344E1,1.794577666E1,1.543885112E0,3.559694519E2,2.035784721E0,3.000000000E0
4.368740146E2,6.506095308E1,2.546771734E1,1.798810161E1,1.542206287E0,3.586147156E2,2.067278624E0,3.000000000E0
4.378741956E2,6.506096734E1,2.546772212E1,1.803620005E1,1.546030045E0,4.129422665E0,2.087421894E0,3.000000000E0
4.388742356E2,6.506098060E1,2.546772745E1,1.827330037E1,1.540327072E0,3.711599588E0,2.185679913E0,3.000000000E0
4.398745586E2,6.506099325E1,2.546772920E1,1.854081124E1,1.529797554E0,3.583033752E2,2.222211361E0,3.000000000E0
4.408742936E2,6.506100804E1,2.546772287E1,1.886387423E1,1.540318012E0,3.529491272E2,2.220602751E0,3.000000000E0
4.418742096E2,6.506102105E1,2.546771403E1,1.903408098E1,1.536168575E0,3.496151123E2,2.297653675E0,3.000000000E0
4.428741686E2,6.506103310E1,2.546770881E1,1.946571459E1,1.520529747E0,3.498364868E2,2.312322617E0,3.000000000E0
4.438744696E2,6.506105069E1,2.546770888E1,1.990227094E1,1.548591018E0,3.522412720E2,2.301919937E0,3.000000000E0
